title,industry,genre,year,director,cast,rating,description,poster_url
The Shawshank Redemption,Hollywood,Drama,1994,Frank Darabont,"Tim Robbins, Morgan Freeman",9.3,Two imprisoned men form a lasting friendship while they dream of freedom.,
The Godfather,Hollywood,Crime Drama,1972,Francis Ford Coppola,"Marlon Brando, Al Pacino",9.2,The reluctant son of a mafia boss is drawn into the world of organized crime.,
The Dark Knight,Hollywood,Action Crime Drama,2008,Christopher Nolan,"Christian Bale, Heath Ledger",9.0,Batman faces the Joker and Gotham is pushed toward chaos.,
Inception,Hollywood,Sci-Fi Action Thriller,2010,Christopher Nolan,"Leonardo DiCaprio, Joseph Gordon-Levitt",8.8,A thief enters dreams to steal secrets and plant ideas.,
Interstellar,Hollywood,Sci-Fi Drama Adventure,2014,Christopher Nolan,"Matthew McConaughey, Anne Hathaway",8.7,Explorers travel through a wormhole in search of a future for humanity.,
The Matrix,Hollywood,Sci-Fi Action,1999,The Wachowskis,"Keanu Reeves, Laurence Fishburne",8.7,A hacker discovers reality is a simulation and joins a rebellion.,
Titanic,Hollywood,Romance Drama,1997,James Cameron,"Leonardo DiCaprio, Kate Winslet",7.9,A love story unfolds aboard the ill-fated Titanic.,
Avatar,Hollywood,Sci-Fi Adventure Action,2009,James Cameron,"Sam Worthington, Zoe Saldana",7.8,A marine on Pandora is torn between orders and a new world.,
Parasite,Hollywood,Thriller Drama,2019,Bong Joon-ho,"Song Kang-ho, Choi Woo-shik",8.5,A poor family becomes entangled with a wealthy household in unexpected ways.,
Joker,Hollywood,Crime Drama Thriller,2019,Todd Phillips,"Joaquin Phoenix, Robert De Niro",8.4,A lonely man descends into violence and transforms into a notorious figure.,
La La Land,Hollywood,Romance Drama Musical,2016,Damien Chazelle,"Ryan Gosling, Emma Stone",8.0,Two artists in Los Angeles navigate love ambition and sacrifice.,
The Notebook,Hollywood,Romance Drama,2004,Nick Cassavetes,"Ryan Gosling, Rachel McAdams",7.8,A passionate romance faces the challenges of time and memory.,
Toy Story,Hollywood,Animation Comedy Family,1995,John Lasseter,"Tom Hanks, Tim Allen",8.3,A cowboy doll feels threatened when a flashy new toy appears.,
Finding Nemo,Hollywood,Animation Adventure Family,2003,Andrew Stanton,"Albert Brooks, Ellen DeGeneres",8.2,A clownfish crosses the ocean to rescue his son.,
Frozen,Hollywood,Animation Family Fantasy,2013,"Chris Buck, Jennifer Lee","Kristen Bell, Idina Menzel",7.4,Two sisters discover that love is stronger than fear and magic.,
The Conjuring,Hollywood,Horror Thriller Mystery,2013,James Wan,"Vera Farmiga, Patrick Wilson",7.5,Paranormal investigators help a family terrorized by a dark force.,
A Quiet Place,Hollywood,Horror Drama Sci-Fi,2018,John Krasinski,"Emily Blunt, John Krasinski",7.5,A family must live in silence to survive creatures that hunt by sound.,
Mad Max: Fury Road,Hollywood,Action Adventure Sci-Fi,2015,George Miller,"Tom Hardy, Charlize Theron",8.1,A rebel convoy races across a post-apocalyptic desert.,
Avengers: Endgame,Hollywood,Action Adventure Sci-Fi,2019,"Anthony Russo, Joe Russo","Robert Downey Jr., Chris Evans",8.4,Earth's mightiest heroes assemble for one last mission to save the universe.,
Gladiator,Hollywood,Action Drama Adventure,2000,Ridley Scott,"Russell Crowe, Joaquin Phoenix",8.5,A betrayed Roman general fights for justice inside the arena.,
3 Idiots,Bollywood,Comedy Drama,2009,Rajkumar Hirani,"Aamir Khan, R Madhavan, Sharman Joshi",8.4,Three engineering students navigate friendship pressure and ambition.,
Dangal,Bollywood,Biography Drama Sport,2016,Nitesh Tiwari,"Aamir Khan, Fatima Sana Shaikh, Sanya Malhotra",8.3,A former wrestler trains his daughters to become world-class champions.,
Zindagi Na Milegi Dobara,Bollywood,Adventure Comedy Drama,2011,Zoya Akhtar,"Hrithik Roshan, Farhan Akhtar, Abhay Deol",8.2,Three friends rediscover themselves on a road trip across Spain.,
Taare Zameen Par,Bollywood,Drama Family,2007,Aamir Khan,"Darsheel Safary, Aamir Khan",8.3,A teacher helps a young boy with dyslexia find confidence and creativity.,
PK,Bollywood,Comedy Drama Sci-Fi,2014,Rajkumar Hirani,"Aamir Khan, Anushka Sharma",8.1,An alien questions human beliefs and social customs.,
Lagaan,Bollywood,Drama Musical Sport,2001,Ashutosh Gowariker,"Aamir Khan, Gracy Singh",8.1,Villagers challenge British officers to a high-stakes cricket match.,
Sholay,Bollywood,Action Adventure Drama,1975,Ramesh Sippy,"Amitabh Bachchan, Dharmendra, Hema Malini",8.1,Two small-time criminals are hired to capture a ruthless bandit.,
Dil Chahta Hai,Bollywood,Comedy Drama Romance,2001,Farhan Akhtar,"Aamir Khan, Saif Ali Khan, Akshaye Khanna",8.1,Three close friends face changing priorities after college.,
Swades,Bollywood,Drama,2004,Ashutosh Gowariker,"Shah Rukh Khan, Gayatri Joshi",8.2,A successful scientist returns to India and reconnects with rural life.,
Chak De India,Bollywood,Drama Sport,2007,Shimit Amin,"Shah Rukh Khan, Vidya Malvade",8.1,A disgraced player coaches the Indian women's hockey team.,
Queen,Bollywood,Comedy Drama Adventure,2013,Vikas Bahl,"Kangana Ranaut, Rajkummar Rao",8.1,A young woman discovers independence on her solo honeymoon.,
Barfi!,Bollywood,Comedy Drama Romance,2012,Anurag Basu,"Ranbir Kapoor, Priyanka Chopra, Ileana D'Cruz",8.1,A deaf and mute man changes the lives of two women.,
Andhadhun,Bollywood,Crime Comedy Thriller,2018,Sriram Raghavan,"Ayushmann Khurrana, Tabu, Radhika Apte",8.2,A pianist pretending to be blind becomes entangled in a murder.,
Kahaani,Bollywood,Mystery Thriller Drama,2012,Sujoy Ghosh,"Vidya Balan, Parambrata Chattopadhyay",8.1,A pregnant woman searches Kolkata for her missing husband.,
Bajrangi Bhaijaan,Bollywood,Comedy Drama Adventure,2015,Kabir Khan,"Salman Khan, Harshaali Malhotra, Kareena Kapoor",8.1,A devoted man helps a lost Pakistani girl return home.,
Gully Boy,Bollywood,Drama Music,2019,Zoya Akhtar,"Ranveer Singh, Alia Bhatt",7.9,A street rapper rises from Mumbai's neighborhoods toward fame.,
Kabir Singh,Bollywood,Romance Drama,2019,Sandeep Reddy Vanga,"Shahid Kapoor, Kiara Advani",7.0,A brilliant but self-destructive surgeon spirals after heartbreak.,
Kal Ho Naa Ho,Bollywood,Comedy Drama Romance,2003,Nikkhil Advani,"Shah Rukh Khan, Preity Zinta, Saif Ali Khan",7.9,A cheerful man changes the lives of a troubled family in New York.,
My Name Is Khan,Bollywood,Drama Romance,2010,Karan Johar,"Shah Rukh Khan, Kajol",8.0,A man with Asperger syndrome journeys across America after tragedy.,
Yeh Jawaani Hai Deewani,Bollywood,Comedy Drama Romance,2013,Ayan Mukerji,"Ranbir Kapoor, Deepika Padukone",7.3,Four friends navigate love ambition and adulthood.,
Rockstar,Bollywood,Drama Music Romance,2011,Imtiaz Ali,"Ranbir Kapoor, Nargis Fakhri",7.7,A young musician channels heartbreak into artistic success.,
